Mistake_Number,The_Mistake,Why_It_Happens,How_To_Fix_It,Prevention_Tip
1,Not Locking Cell References,"When copying formulas, references shift automatically (thats usually helpful, but not always!)","Use $ signs to lock: $A$1 locks both, $A1 locks column, A$1 locks row. Press F4 to toggle!","Before copying any formula, ask yourself: Should this reference move or stay fixed?"
2,Circular Reference Errors,"Your formula refers to itself, directly or indirectly. Like cell A1 containing =A1+1","Find the loop: Formulas > Error Checking > Circular References shows the culprit. Fix the logic!","Plan your formulas first. Draw arrows if needed. A cell should never depend on its own value!"
3,Numbers Stored as Text,"Data imported from other systems often comes as text that looks like numbers","Select the cells, click the warning icon > Convert to Number. Or use =VALUE() function or Paste Special > Multiply by 1","Check the alignment - real numbers align RIGHT by default. Green triangles warn you too!"
4,Date Format Disasters,"Different regions use different formats (MM/DD vs DD/MM). Excel might misinterpret your dates!","Use unambiguous formats like 15-Jan-2024. Or set your regional settings correctly in Windows.","When sharing files internationally, use TEXT() to display dates or ISO format (YYYY-MM-DD)."
5,Forgetting to Expand Ranges,"You add new data below a range, but your SUM or chart doesnt include it","Update your formulas, or better yet - use Tables (Ctrl+T) which auto-expand!","Always use Tables for data that will grow. Or use dynamic ranges with OFFSET or structured references."
6,Deleting Instead of Clearing,"Pressing Delete removes content but using right-click Delete removes entire rows/columns, shifting everything","Ctrl+Z immediately! Then use Delete key for content only, or Home > Clear for more options.","Know the difference: Delete key = clear contents. Right-click Delete = remove cells/rows/columns."
7,Merging Cells Unnecessarily,"It looks nice for headers but completely breaks sorting, filtering, and formulas","Unmerge (Home > Merge & Center again), then use Center Across Selection instead (Format Cells > Alignment)","Avoid merging in data areas. Use Center Across Selection for the same visual effect without the problems!"
8,Not Using Tables,"Raw data ranges dont auto-expand, dont have easy filtering, and formulas are harder to read","Select your data and press Ctrl+T to convert to a Table. Name it something meaningful!","Always convert structured data to Tables immediately. Theres almost no downside and tons of benefits!"
9,Manual Calculations Instead of Formulas,"Typing calculated values directly instead of using formulas, so nothing updates automatically","Replace static values with formulas. If you typed 150, change it to =A1*B1 or whatever creates that result.","If youre reaching for a calculator, stop! Excel should do that math. Always use formulas."
10,Ignoring Error Messages,"Seeing #REF!, #VALUE!, #N/A and just leaving them there or hiding them cosmetically","Understand each error: #REF=deleted reference, #VALUE=wrong data type, #N/A=not found. Fix the root cause!","Learn what each error means. Use IFERROR() only after understanding WHY the error occurs."
11,Not Backing Up Before Major Changes,"Making huge edits to the only copy of an important file... then realizing you broke everything","If recent, try Ctrl+Z repeatedly. Otherwise, check for AutoRecover files or previous versions (right-click file > Properties > Previous Versions).","Save a copy BEFORE major changes. Use version numbers like Budget_v1, Budget_v2. Or use OneDrive/SharePoint versioning!"
12,Hardcoding Values in Formulas,"Writing =A1*0.15 instead of referencing a cell containing 0.15","Create an Assumptions or Parameters area with labeled values. Reference those cells in formulas.","Put all changeable values in dedicated cells with labels. Makes updating and auditing SO much easier!"
13,Inconsistent Data Entry,"Same thing entered different ways: NYC, New York, new york, N.Y.C.","Use Data Validation dropdowns, or Find & Replace to standardize. TRIM() and PROPER() help clean up.","Create dropdown lists for any field with limited valid options. Prevents typos and variations!"
14,Filtering and Forgetting,"Applying filters, then forgetting theyre on. Your totals look wrong, you miss data, panic ensues!","Look for the filter icons in headers and the row numbers (theyll skip numbers if filtered). Click Clear in Data tab.","Always check the status bar - it shows X of Y records found. Blue row numbers = filtered data!"
15,Printing Without Preview,"Hitting print and getting 47 pages with one column per page, or cutting off important data","Always use Print Preview (Ctrl+P). Adjust Page Layout settings: orientation, margins, scaling, print area.","Set up Page Layout FIRST for any file youll print. Use Print Titles for headers on every page!"
16,VLOOKUP Exact Match Mistakes,"Forgetting the 4th argument (FALSE) in VLOOKUP and getting wrong results from approximate matching","Always include FALSE as the 4th argument: =VLOOKUP(value, range, col, FALSE). Or switch to XLOOKUP if you have Excel 365!","Consider using XLOOKUP instead - it defaults to exact match and is better in every way! Note: XLOOKUP requires Excel 365 or Excel 2021."
17,Copy-Paste Bringing Unwanted Formatting,"Pasting data and suddenly your carefully formatted sheet looks like a ransom note","Use Paste Special (Ctrl+Alt+V) > Values to paste just the data. Or use the paste options button that appears.","Get in the habit of using Paste Special for data from external sources. In Excel, use Ctrl+Alt+V to open Paste Special dialog."
18,Paste Special Shortcut Confusion,"Using the wrong keyboard shortcut for Paste Special and wondering why it doesnt work","In Excel, the correct shortcut is Ctrl+Alt+V (not Ctrl+Shift+V!). Ctrl+Shift+V is for Google Sheets - they use different shortcuts!","Remember: Excel = Ctrl+Alt+V for Paste Special. Google Sheets = Ctrl+Shift+V. Dont mix them up!"
19,Spaces and Hidden Characters,"Formulas dont match because of invisible leading/trailing spaces or weird characters","Use =TRIM() to remove extra spaces, =CLEAN() for non-printable characters. Check with =LEN() to compare.","Always TRIM imported data. If A1 looks like Apple but LEN(A1)=7, you have hidden characters!"
20,Not Naming Sheets Clearly,"Leaving default names like Sheet1, Sheet2, Sheet3... then forgetting whats where","Double-click the sheet tab to rename. Use clear, short names: Data, Summary, Charts, Lookup_Tables.","Rename sheets immediately when you create them. Your future self will thank you!"
21,Trusting Data Without Validation,"Assuming imported or inherited data is clean and accurate... spoiler: it usually isnt!","Use conditional formatting to highlight outliers. Check with COUNTBLANK, COUNTIF. Spot-check random samples.","Always do a data health check: look for blanks, duplicates (use Remove Duplicates), and outliers before analysis!"
