Tip_Number,Category,Tip_Name,How_To_Do_It,Why_Its_Useful
1,Speed tips,Flash Fill Magic,"Type the pattern you want in the first cell, then press Ctrl+E","Excel reads your mind! It auto-fills patterns like splitting names, reformatting dates, or extracting text. Saves hours of manual work!"
2,Speed tips,Quick Navigation,"Ctrl+Arrow keys to jump to the edge of data; Ctrl+Home goes to A1; Ctrl+End goes to last used cell","Stop scrolling like its 1999! Navigate huge spreadsheets in seconds."
3,Speed tips,Select All Data Instantly,"Ctrl+Shift+End selects from current cell to last used cell; Ctrl+A selects current region","Perfect for when you need to grab everything without missing hidden rows."
4,Speed tips,Double-Click to AutoFill,"Double-click the fill handle (small square at cell corner) instead of dragging","Excel automatically fills down to match adjacent column length. Your wrist will thank you!"
5,Speed tips,Quick Sum Selection,"Select cells and look at the status bar (bottom right) for instant Sum, Average, Count","No formula needed for quick calculations! Right-click status bar to add more stats."
6,Speed tips,Repeat Last Action,"Press F4 or Ctrl+Y to repeat your last action","Applied formatting to one row? F4 applies it to the next. Game changer for repetitive tasks!"
7,Formatting tricks,Format Painter Power,"Select formatted cell, click Format Painter (or Ctrl+Shift+C), then click target. Double-click painter to apply multiple times","Copy complex formatting in one click instead of recreating it manually."
8,Formatting tricks,Custom Number Formats,"Right-click > Format Cells > Custom. Use codes like #,##0 or 0.00% or dd-mmm-yyyy","Display numbers YOUR way without changing actual values. Show millions as 5.2M or hide zeros!"
9,Formatting tricks,Alternating Row Colors,"Select data > Home > Format as Table, or use Conditional Formatting with =MOD(ROW(),2)=0","Makes data way easier to read. Your eyes will thank you during long data sessions!"
10,Formatting tricks,Wrap Text Properly,"Home > Wrap Text, then adjust row height. Or use Alt+Enter for manual line breaks within a cell","No more truncated text or super-wide columns. Keep everything visible and neat."
11,Formatting tricks,Paste Special Transpose,"Copy data, right-click destination, Paste Special > Transpose (or paste then Ctrl, then T)","Flip rows to columns or vice versa instantly. Magic for reorganizing data!"
12,Formatting tricks,Clear Formats Only,"Home > Clear > Clear Formats, or Ctrl+Space after selecting","Remove all formatting but keep your data. Great for cleaning up messy imported data."
13,Formula hacks,Absolute Reference Lock,"Press F4 while editing a reference to toggle between A1, $A$1, $A1, A$1","Stop formulas from breaking when you copy them! F4 is your best friend here, Aryan!"
14,Formula hacks,XLOOKUP Over VLOOKUP,"=XLOOKUP(what_to_find, where_to_look, what_to_return, if_not_found)","Its VLOOKUP but better - looks left or right, has built-in error handling, and doesnt need column numbers!"
15,Formula hacks,IF with Multiple Conditions,"=IF(AND(A1>10, B1<5), Yes, No) or =IF(OR(A1=Red, A1=Blue), Color, Other)","Combine conditions like a pro. AND means all must be true; OR means any can be true."
16,Formula hacks,CONCATENATE Alternative,"Use & or CONCAT or TEXTJOIN. Example: =A1 & - & B1 or =TEXTJOIN(-, TRUE, A1:C1)","TEXTJOIN is amazing - handles ranges and ignores blanks. Much cleaner than old CONCATENATE!"
17,Formula hacks,Quick Formulas with Tables,"Convert data to Table (Ctrl+T), then formulas use names like =[@Sales]*[@Quantity]","Readable formulas that auto-expand! No more confusing cell references."
18,Formula hacks,Error Handling with IFERROR,"=IFERROR(your_formula, Show this if error) Example: =IFERROR(A1/B1, N/A)","Hide ugly #DIV/0! or #N/A errors. Makes your spreadsheets look professional!"
19,Data entry shortcuts,Quick Date and Time,"Ctrl+; inserts todays date; Ctrl+Shift+; inserts current time","Timestamp your work instantly. No typing required!"
20,Data entry shortcuts,Data Validation Dropdowns,"Data > Data Validation > List, then enter options separated by commas or select a range","Create dropdown menus for consistent data entry. No more typos or variations!"
21,Data entry shortcuts,AutoComplete Entries,"Just start typing - Excel suggests matching entries from the column. Press Enter to accept","Excel remembers what youve typed before. Faster entry and fewer typos!"
22,Data entry shortcuts,Fill Series Smartly,"Type first value(s), select, drag fill handle. Hold Ctrl while dragging for different behavior","Create sequences of numbers, dates, days, months automatically. Excel predicts the pattern!"
23,Data entry shortcuts,Enter Data in Multiple Cells,"Select all target cells first, type your value, then press Ctrl+Enter","Fill 100 cells with the same value in one keystroke. Massive time saver!"
24,Data entry shortcuts,Named Ranges,"Select cells > Name Box (left of formula bar) > type a name. Use in formulas like =SUM(MonthlySales)","Reference data by meaningful names instead of cryptic cell addresses. Much easier to read and maintain!"
25,Hidden features,Quick Analysis Tool,"Select data and click the Quick Analysis button (bottom-right) or press Ctrl+Q","Instant access to formatting, charts, totals, tables, and sparklines. Excel does the thinking!"
26,Hidden features,Screenshot Tool,"Insert > Screenshot lets you capture any open window directly into Excel","Grab screenshots without leaving Excel. Perfect for documentation or dashboards!"
27,Hidden features,Speak Cells,"Select cells > Quick Access Toolbar > Speak Cells (add from All Commands)","Excel reads your data aloud! Great for proofreading or accessibility. Seriously cool feature!"
28,Hidden features,Watch Window,"Formulas > Watch Window > Add Watch","Monitor specific cells while working elsewhere in huge workbooks. See changes in real-time!"
29,Hidden features,Custom Views,"View > Custom Views > Add","Save different display settings (hidden rows, zoom, filters) and switch between them instantly!"
30,Hidden features,Goal Seek,"Data > What-If Analysis > Goal Seek","Work backwards! Tell Excel what result you want and itll figure out the input needed. Mind = blown!"
